municipio.x,pib_total_mil,populacao_2022,pib_per_capita
ADAMANTINA,1705895,34687,49179.66385101047
ADOLFO,215283,4351,49478.9703516433
AGUAI,1773843,32072,55308.15041157396
AGUDOS,3415809,37680,90653.1050955414
ALAMBARI,160252,6141,26095.424198013352
ALFREDO MARCONDES,158137,4445,35576.37795275591
ALTAIR,210529,3451,61005.21587945523
ALTINOPOLIS,946538,16818,56281.24628374361
ALTO ALEGRE,172396,3841,44883.10335850039
ALUMINIO,3438994,17301,198774.29050343912
ALVINLANDIA,82613,2885,28635.355285961872
AMERICANA,17600566,237240,74188.86359804418
AMPARO,6698469,68008,98495.30937536761
AMERICO BRASILIENSE,1504962,33019,45578.66682818983
AMERICO DE CAMPOS,175848,5870,29957.069846678023
ANALANDIA,266292,4589,58028.32861189802
ANDRADINA,4464940,59783,74685.78023852935
ANGATUBA,1776475,24022,73952.0023311964
ANHEMBI,315144,5674,55541.76947479732
ANHUMAS,132376,4023,32904.79741486453
APARECIDA,1369699,32569,42055.29798274433
APARECIDA D'OESTE,225794,4086,55260.40137053353
APIAI,1235626,24585,50259.34512914379
ARAMINA,219179,5420,40438.929889298895
ARANDU,217238,6885,31552.360203340595
ARAPEI,53236,2330,22848.068669527896
ARARAQUARA,14689500,242228,60643.278233730205
ARARAS,10022873,130866,76588.82368223985
ARACARIGUAMA,4832077,21522,224518.0280643063
ARACATUBA,11457740,200124,57253.203014131235
ARACOIABA DA SERRA,1523194,32443,46949.85050704312
ARCO-IRIS,136329,2044,66697.16242661448
AREALVA,301110,8130,37036.90036900369
AREIAS,75042,3577,20979.032708974002
AREIOPOLIS,221707,10130,21886.179664363277
ARIRANHA,1252002,7602,164693.76479873716
ARTUR NOGUEIRA,2162833,51456,42032.66868781095
ARUJA,10426127,86678,120285.73571148388
ASPASIA,65851,1842,35749.72855591748
ASSIS,4682609,101409,46175.47752171898
ATIBAIA,9426584,158647,59418.60860905028
AURIFLAMA,443572,13692,32396.43587496348
AVANHANDAVA,295755,11263,26258.98961200391
AVARE,4408538,92805,47503.23797209202
AVAI,500953,4483,111745.03680571046
BADY BASSITT,762195,27260,27960.19809244314
BALBINOS,82895,3887,21326.215590429638
BANANAL,282444,9969,28332.22991272946
BARBOSA,186923,5640,33142.375886524824
BARIRI,1863764,31595,58989.20715303054
BARRA BONITA,2077901,34346,60499.06830489722
BARRA DO CHAPEU,202870,5179,39171.6547596061
BARRA DO TURVO,145159,6876,21110.965677719603
BARRETOS,6715414,122485,54826.41956157897
BARRINHA,737580,32092,22983.298018197682
BARUERI,71646710,316473,226391.22452784283
BARAO DE ANTONINA,80403,3531,22770.603228547156
BASTOS,1596603,21503,74250.2441519788
BATATAIS,3328690,58402,56996.16451491387
BAURU,20654759,379146,54477.058969368
BEBEDOURO,5343661,76373,69967.93369384468
BENTO DE ABREU,288020,2606,110521.87260168842
BERNARDINO DE CAMPOS,605499,11607,52166.70974411993
BERTIOGA,2663550,64188,41496.07403252945
BILAC,307745,7319,42047.41084847657
BIRIGUI,4866490,118979,40902.09196580909
BIRITIBA MIRIM,1111541,29683,37447.057238149784
BOA ESPERANCA DO SUL,633216,12978,48791.49329634767
BOCAINA,381376,11259,33872.99049649169
BOFETE,309773,10460,29615.009560229446
BOITUVA,4474130,61081,73249.12820680735
BOM JESUS DOS PERDOES,1627411,22006,73953.05825683904
BOM SUCESSO DE ITARARE,77487,3555,21796.62447257384
BORACEIA,657535,4715,139455.99151643692
BORBOREMA,704921,14226,49551.59566990018
BOREBI,118452,2713,43660.892001474385
BORA,120962,907,133364.9393605292
BOTUCATU,7992148,145155,55059.40546312562
BRAGANCA PAULISTA,10443288,176811,59064.696201028215
BRAUNA,157855,5356,29472.55414488424
BREJO ALEGRE,90697,2565,35359.45419103314
BRODOWSKI,1210305,25201,48026.07039403198
BROTAS,1555980,23898,65109.21416018077
BURI,907833,20250,44831.25925925926
BURITAMA,746204,17210,43358.74491574666
BURITIZAL,305568,4356,70148.76033057852
BALSAMO,367871,9596,38335.86911213005
CABREUVA,7240981,47011,154027.37657144072
CABRALIA PAULISTA,177481,4299,41284.252151663175
CACHOEIRA PAULISTA,847786,31564,26859.27005449246
CACONDE,554109,17101,32402.140225717794
CAFELANDIA,930635,16654,55880.56923261679
CAIABU,88015,3712,23710.9375
CAIEIRAS,5507619,95032,57955.415018099164
CAIUA,111895,5466,20471.09403585803
CAJAMAR,28984602,92689,312708.1099159555
CAJATI,1987670,28515,69706.11958618271
CAJOBI,275001,9133,30110.69747071061
CAJURU,1123799,23830,47159.00125891733
CAMPINA DO MONTE ALEGRE,211436,5954,35511.58884783339
CAMPINAS,91968328,1139047,80741.46896484517
CAMPO LIMPO PAULISTA,3233935,77632,41657.24185902721
CAMPOS DO JORDAO,1946799,46974,41444.18188785286
CAMPOS NOVOS PAULISTA,342295,4888,70027.61865793781
CANANEIA,330538,12289,26897.062413540563
CANAS,121017,4931,24542.080713851145
CANITAR,218328,6283,34749.00525226803
CAPELA DO ALTO,536048,22866,23443.015831365345
CAPIVARI,3824460,50068,76385.31597028041
CAPAO BONITO,1668882,46337,36016.18576947148
CARAGUATATUBA,5822815,134873,43172.57716518502
CARAPICUIBA,8436817,386984,21801.462075951462
CARDOSO,440025,11345,38785.80872631115
CASA BRANCA,1494279,28083,53209.37933981412
CASTILHO,2275541,19977,113908.04425088852
CATANDUVA,7029953,115791,60712.430154329784
CATIGUA,196946,7003,28123.09010424104
CACAPAVA,6516271,96202,67735.29656348101
CEDRAL,808870,12618,64104.45395466794
CERQUEIRA CESAR,1400618,21469,65239.08891890633
CERQUILHO,2891328,44695,64690.189059178876
CESARIO LANGE,1215884,19048,63832.63334733305
CHARQUEADA,790607,15535,50891.985838429355
CHAVANTES,477220,12211,39081.15633445254
CLEMENTINA,254107,6982,36394.58607848754
COLINA,2052576,18486,111034.07984420643
COLOMBIA,743433,6629,112148.5895308493
CONCHAL,1093664,28101,38919.04202697413
CONCHAS,551103,15232,36180.606617647056
CORDEIROPOLIS,4167915,24514,170021.82426368605
COROADOS,335405,5400,62112.03703703704
CORONEL MACEDO,165849,4280,38749.766355140186
CORUMBATAI,354604,4195,84530.15494636472
COSMORAMA,878427,8719,100748.59502236496
COSMOPOLIS,2313364,59773,38702.4910912954
COTIA,19060773,274413,69460.16770342513
CRAVINHOS,2357353,33281,70831.79591959376
CRISTAIS PAULISTA,449171,9272,48443.80931837791
CRUZEIRO,4281962,74961,57122.53038246555
CRUZALIA,218199,2108,103509.96204933587
CUBATAO,27813388,112476,247282.86923432554
CUNHA,432941,22110,19581.230212573497
CASSIA DOS COQUEIROS,306056,2799,109344.7659878528
CANDIDO MOTA,2482755,29449,84306.93741722978
CANDIDO RODRIGUES,157951,2889,54673.24333679474
DESCALVADO,2584483,31756,81385.65940294748
DIADEMA,21229085,393237,53985.47186556707
DIRCE REIS,99485,1620,61410.49382716049
DIVINOLANDIA,528584,11158,47372.647427854456
DOBRADA,213755,8759,24404.041557255394
DOIS CORREGOS,1187097,24510,48433.170134638924
DOLCINOPOLIS,84390,2207,38237.426370638874
DOURADO,1178140,8096,145521.24505928854
DRACENA,1855224,45474,40797.46668425914
DUARTINA,435780,12328,35348.799480856585
DUMONT,414002,9471,43712.59634674269
ECHAPORA,187403,6205,30201.933924254634
ELDORADO,423995,13069,32442.80358099319
ELIAS FAUSTO,2159509,17699,122013.0515848353
ELISIARIO,121971,3138,38869.02485659656
EMBAUBA,93032,2323,40048.213517003875
EMBU DAS ARTES,17290650,250691,68971.96149841837
EMBU-GUACU,1742920,66970,26025.38450052262
EMILIANOPOLIS,97866,3014,32470.471134704712
ENGENHEIRO COELHO,814390,19566,41622.71286926301
ESPIRITO SANTO DO PINHAL,2715247,39816,68194.871408479
ESPIRITO SANTO DO TURVO,181809,4157,43735.6266538369
ESTIVA GERBI,532212,11295,47119.25630810093
ESTRELA D'OESTE,1317163,9417,139870.76563661464
ESTRELA DO NORTE,69692,2703,25783.203847576766
EUCLIDES DA CUNHA PAULISTA,162208,7924,20470.469459868753
FARTURA,566395,16641,34036.1156180518
FERNANDO PRESTES,281662,5942,47401.88488724335
FERNANDOPOLIS,2790708,71186,39203.04554266288
FERNAO,102634,1656,61977.05314009662
FERRAZ DE VASCONCELOS,5523981,179198,30826.130871996338
FLORA RICA,65665,1487,44159.381304640214
FLOREAL,131171,2733,47995.243322356386
FLORINEA,216161,3851,56131.134770189565
FLORIDA PAULISTA,361684,12958,27912.023460410557
FRANCA,14375667,352536,40777.869494179315
FRANCISCO MORATO,2237469,165139,13549.004172242778
FRANCO DA ROCHA,5438089,144849,37543.15873771997
GABRIEL MONTEIRO,123956,2763,44862.83025696706
GARCA,1893766,42110,44971.88316314415
GASTAO VIDIGAL,101942,3252,31347.478474784748
GAVIAO PEIXOTO,1735633,4702,369126.54189706506
GENERAL SALGADO,348923,10312,33836.59813809155
GETULINA,272841,10232,26665.461297888975
GLICERIO,188392,4138,45527.30787820203
GUAIMBE,593772,5512,107723.51233671988
GUAICARA,310852,11239,27658.332591867606
GUAPIARA,585182,17071,34279.30408294769
GUAPIACU,1134077,21711,52235.13426373727
GUARACI,660486,10350,63815.07246376811
GUARANI D'OESTE,48665,1968,24728.150406504064
GUARANTA,312045,6427,48552.20164929205
GUARARAPES,1718488,31043,55358.3094417421
GUARAREMA,2034663,31236,65138.39800230503
GUARATINGUETA,8369821,118044,70904.2475687032
GUARACAI,374454,7441,50323.07485553017
GUAREI,386201,15013,25724.438819689603
GUARIBA,1517994,37498,40481.999039948794
GUARUJA,11536359,287634,40107.77237739627
GUARULHOS,97557674,1291771,75522.4215437566
GUARA,854715,18606,45937.60077394389
GUATAPARA,353798,7320,48333.06010928962
GUAIRA,3233958,39279,82333.00236767739
GUZOLANDIA,120156,4246,28298.63400847857
GALIA,220849,6380,34615.830721003134
HERCULANDIA,552689,9125,60568.65753424657
HOLAMBRA,1806633,15094,119692.12932290976
HORTOLANDIA,22163924,236641,93660.54065018319
IACANGA,687530,10437,65874.29337932356
IACRI,372134,6131,60697.11303213179
IARAS,326007,8010,40700
IBATE,1516837,32178,47138.94586363354
IBIRAREMA,331387,6385,51900.86139389194
IBIRA,418178,11690,35772.28400342173
IBITINGA,2528835,60033,42124.08175503473
IBIUNA,3023501,75605,39990.754579723565
ICEM,263932,7819,33755.211663895636
IEPE,503732,7619,66115.23822023888
IGARAPAVA,1422122,26212,54254.61620631772
IGARATA,353163,10605,33301.555869872704
IGARACU DO TIETE,477976,23106,20686.228685189995
IGUAPE,1896850,29115,65150.26618581487
ILHA COMPRIDA,2802536,13419,208848.3493553916
ILHA SOLTEIRA,917732,25549,35920.46655446397
ILHABELA,14830715,34934,424535.26650254766
INDAIATUBA,28264863,255748,110518.41265620846
INDIANA,99886,5090,19623.968565815325
INDIAPORA,167087,4035,41409.4175960347
INUBIA PAULISTA,176723,3615,48886.030428769016
IPAUSSU,678118,13712,49454.34655775963
IPERO,1291003,36459,35409.72050796785
IPEUNA,1055776,6831,154556.58029571074
IPIGUA,173091,6761,25601.390326874724
IPORANGA,70829,4046,17505.931784478496
IPUA,589810,14454,40806.00525806005
IRACEMAPOLIS,2403778,21967,109426.776528429
IRAPURU,142422,7085,20101.905434015527
IRAPUA,282416,6867,41126.54725498762
ITABERA,1058159,17983,58842.184285158204
ITAJOBI,1278534,16989,75256.577785626
ITAJU,308305,3618,85214.20674405749
ITANHAEM,2956406,112476,26284.771862441765
ITAOCA,67982,3422,19866.16014026885
ITAPECERICA DA SERRA,6215134,158522,39206.75994499186
ITAPETININGA,7962802,157790,50464.55415425565
ITAPEVA,4558512,89728,50803.67332382311
ITAPEVI,15615097,232297,67220.39888590899
ITAPIRA,6365974,72022,88389.29771458721
ITAPIRAPUA PAULISTA,77308,4306,17953.55318160706
ITAPORANGA,408307,14085,28988.78239261626
ITAPURA,209349,3979,52613.47072128676
ITAPUI,1311338,13659,96005.41767332894
ITAQUAQUECETUBA,11979260,369275,32439.943131812335
ITARARE,1406445,44438,31649.601692245375
ITARIRI,400627,15528,25800.296239052033
ITATIBA,10327467,121590,84936.81223784851
ITATINGA,601161,19070,31523.911903513374
ITAI,1082752,25180,43000.47656870532
ITIRAPINA,1570273,16148,97242.56873916274
ITIRAPUA,190876,5779,33029.243813808615
ITOBI,251138,8046,31212.776534924185
ITU,14012530,168240,83288.93247741323
ITUPEVA,10529260,70616,149105.86835844567
ITUVERAVA,2218625,37571,59051.52910489473
ITAPOLIS,2524858,39493,63931.78537968754
JABORANDI,247095,6221,39719.498472914325
JABOTICABAL,4156253,71821,57869.60638253436
JACAREI,19692996,240275,81960.23722817605
JACI,880800,7613,115696.83436227505
JACUPIRANGA,698901,16097,43418.0903273902
JAGUARIUNA,14680878,59347,247373.5487893238
JALES,2590208,48776,53104.14958176152
JAMBEIRO,461642,6397,72165.39002657495
JANDIRA,5547107,118045,46991.460883561354
JARDINOPOLIS,2398612,45282,52970.54017048717
JARINU,3546444,37535,94483.65525509525
JAU,6542933,133497,49011.83547195817
JERIQUARA,308789,3863,79935.02459228579
JOANOPOLIS,335737,12815,26198.751463129145
JOSE BONIFACIO,1940540,36633,52972.45652826686
JOAO RAMALHO,187000,4371,42781.972088766874
JUMIRIM,287951,3056,94224.80366492146
JUNDIAI,65418378,443221,147597.64993084714
JUNQUEIROPOLIS,940871,20448,46012.86189358372
JUQUITIBA,660665,27404,24108.341847905416
JUQUIA,446418,17154,26024.134312696748
JULIO MESQUITA,82839,4254,19473.201692524683
LAGOINHA,101411,5083,19951.01318119221
LARANJAL PAULISTA,1688979,26261,64315.10605079776
LAVRINHAS,169896,7171,23692.093152977268
LAVINIA,262294,9689,27071.317989472598
LEME,4938512,98161,50310.32691191002
LENCOIS PAULISTA,6564648,66505,98709.08954213969
LIMEIRA,20876940,291869,71528.45968568091
LINDOIA,405308,7014,57785.57171371543
LINS,8610363,74779,115144.1313737814
LORENA,4501318,84855,53047.17459195098
LOURDES,55440,1950,28430.76923076923
LOUVEIRA,20154612,51847,388732.462823307
LUCIANOPOLIS,138654,2372,58454.468802698146
LUCELIA,600068,20061,29912.167887941778
LUIZIANIA,117809,4701,25060.412678153585
LUPERCIO,115244,3981,28948.505400653103
LUTECIA,135645,2661,50975.19729425028
LUIS ANTONIO,2385617,12265,194506.07419486344
MACATUBA,691847,16829,41110.40465862499
MACAUBAL,245038,7481,32754.71193690683
MACEDONIA,123750,3963,31226.343679031037
MAGDA,168949,3165,53380.41074249605
MAIRINQUE,2923463,50027,58437.70364003438
MAIRIPORA,2767181,93853,29484.20402118206
MANDURI,361118,9871,36583.73011852903
MARABA PAULISTA,201668,4573,44099.71572272031
MARACAI,1039676,12673,82038.66487808728
MARAPOAMA,163562,3292,49684.690157958685
MARINOPOLIS,56365,1860,30303.763440860213
MARIAPOLIS,90255,3513,25691.716481639625
MARTINOPOLIS,949416,24881,38158.27338129497
MARILIA,12507571,237627,52635.310802223656
MATAO,7646780,79033,96754.26720483848
MAUA,25000732,418261,59773.041235018325
MENDONCA,593745,6159,96402.82513395032
MERIDIANO,437548,4572,95701.66229221347
MESOPOLIS,108331,1952,55497.438524590165
MIGUELOPOLIS,1113098,19441,57255.18234658711
MINEIROS DO TIETE,309941,11230,27599.376669634905
MIRA ESTRELA,77240,3126,24708.89315419066
MIRACATU,560827,18553,30228.372769902442
MIRANDOPOLIS,978818,27983,34979.02297823679
MIRANTE DO PARANAPANEMA,651108,15917,40906.452220895895
MIRASSOL,3345888,63337,52826.75213540269
MIRASSOLANDIA,378154,4669,80992.50374812594
MOCOCA,4014553,67681,59315.80502652148
MOGI DAS CRUZES,26072522,451505,57745.81012391889
MOGI GUACU,9433838,153658,61395.0331255125
MOGI MIRIM,8092719,92558,87434.03055381491
MOMBUCA,179189,3722,48143.20257925846
MONGAGUA,1535906,61951,24792.27131119756
MONTE ALEGRE DO SUL,304555,8627,35302.53854178741
MONTE ALTO,3062782,47574,64379.32484129987
MONTE APRAZIVEL,1038560,22280,46614.00359066427
MONTE AZUL PAULISTA,958014,18151,52780.23249407746
MONTE CASTELO,161947,4222,38357.887257224065
MONTE MOR,6049398,64662,93554.14308249048
MONTEIRO LOBATO,113891,4138,27523.199613339777
MONCOES,77881,1937,40207.02116675271
MORRO AGUDO,1980195,27933,70890.88175276555
MORUNGABA,765641,13720,55804.737609329444
MOTUCA,171027,4034,42396.38076351016
MURUTINGA DO SUL,113474,3737,30364.998662028363
NANTES,189556,2660,71261.65413533835
NARANDIBA,896057,5713,156845.26518466655
NATIVIDADE DA SERRA,159425,6999,22778.2540362909
NAZARE PAULISTA,595410,18217,32684.30586814514
NEVES PAULISTA,384592,9699,39652.74770594907
NHANDEARA,507862,9852,51549.12708079578
NIPOA,146719,4750,30888.21052631579
NOVA ALIANCA,361490,6693,54010.159868519346
NOVA CAMPINA,260753,8497,30687.654466282216
NOVA CANAA PAULISTA,57172,2032,28135.826771653545
NOVA CASTILHO,91228,1062,85902.07156308851
NOVA EUROPA,556400,9311,59757.27633981312
NOVA GRANADA,732341,19419,37712.60106081673
NOVA GUATAPORANGA,47451,2156,22008.812615955474
NOVA INDEPENDENCIA,285939,4609,62039.270991538295
NOVA LUZITANIA,70080,2837,24702.15015861826
NOVA ODESSA,5613297,62019,90509.31166255502
NOVAIS,105507,4412,23913.644605621033
NOVO HORIZONTE,2313783,38324,60374.25634067425
NUPORANGA,1235537,7391,167167.7716141253
OCAUCU,163910,4331,37845.76310320942
OLIMPIA,3569676,55074,64815.993027562916
ONDA VERDE,370589,4771,77675.33011947181
ORIENTE,194079,6085,31894.658997534923
ORINDIUVA,830370,6024,137843.62549800795
ORLANDIA,3247648,38319,84752.94240455127
OSASCO,119404053,728615,163878.11532839702
OSCAR BRESSANE,123399,2470,49959.10931174089
OSVALDO CRUZ,1615248,31272,51651.57329240215
OURINHOS,4902762,103970,47155.54486871213
OURO VERDE,186891,7779,24025.067489394525
OUROESTE,670735,10294,65157.85894695939
PACAEMBU,285244,14877,19173.489278752437
PALESTINA,603348,11476,52574.7647263855
PALMARES PAULISTA,209646,9650,21724.97409326425
PALMEIRA D'OESTE,308864,8903,34692.126249578796
PALMITAL,1405807,19594,71746.81024803511
PANORAMA,397153,14964,26540.564020315425
PARAGUACU PAULISTA,3133902,41120,76213.5700389105
PARAIBUNA,408569,17667,23126.110828097582
PARANAPANEMA,1222547,19395,63034.13250837845
PARANAPUA,160653,4031,39854.378566112624
PARAPUA,1150356,10580,108729.30056710776
PARAISO,436076,6099,71499.59009673717
PARDINHO,515971,7153,72133.5104152104
PARIQUERA-ACU,753097,19233,39156.50184578589
PARISI,67931,2892,23489.280774550483
PATROCINIO PAULISTA,1850012,14512,127481.53252480706
PAULICEIA,322394,7955,40527.2155876807
PAULISTANIA,74506,2090,35648.803827751195
PAULO DE FARIA,426146,7400,57587.2972972973
PAULINIA,67067300,110537,606740.7293485439
PEDERNEIRAS,3840421,44827,85672.05032681196
PEDRA BELA,147569,6557,22505.56657007778
PEDRANOPOLIS,116928,2787,41954.790096878365
PEDREGULHO,1417488,15525,91303.57487922705
PEDREIRA,1817292,43112,42152.8112822416
PEDRINHAS PAULISTA,177967,2804,63468.97289586305
PEDRO DE TOLEDO,208399,11281,18473.45093520078
PENAPOLIS,2743180,61679,44475.1049790042
PEREIRA BARRETO,1495859,24095,62081.71819879643
PEREIRAS,410463,8737,46979.855785738815
PERUIBE,2366996,68352,34629.50608614232
PIACATU,160075,5519,29004.348613879327
PIEDADE,1839652,52970,34730.073626581085
PILAR DO SUL,1502794,27619,54411.6007096564
PINDAMONHANGABA,13674680,165428,82662.42715864304
PINDORAMA,733296,14542,50426.07619309586
PINHALZINHO,416405,15224,27351.878612716762
PIQUEROBI,100296,3264,30727.941176470587
PIQUETE,227361,12490,18203.442754203363
PIRACAIA,799449,26029,30713.780782972837
PIRACICABA,44351588,423323,104770.08808876437
PIRAJU,1088629,29436,36982.91208044571
PIRAJUI,737809,22431,32892.381079755694
PIRANGI,535545,10885,49200.27560863574
PIRAPORA DO BOM JESUS,693314,18370,37741.64398475776
PIRAPOZINHO,1410928,25348,55662.300773236544
PIRASSUNUNGA,4304413,73545,58527.60894690326
PIRATININGA,389655,15108,25791.302621127878
PITANGUEIRAS,1830160,33674,54349.34964661163
PLANALTO,331487,4389,75526.7714741399
PLATINA,160406,3025,53026.776859504134
POLONI,199994,5592,35764.30615164521
POMPEIA,2509065,20196,124235.73975044563
PONGAI,124380,3395,36636.22974963181
PONTAL,2153954,37607,57275.34767463504
PONTALINDA,131997,4127,31983.765447055972
PONTES GESTAL,152499,2387,63887.30624214495
POPULINA,156037,4127,37808.819966077055
PORANGABA,309200,10451,29585.68558032724
PORTO FELIZ,5067049,56497,89687.04532984052
PORTO FERREIRA,3069355,52649,58298.448213641284
POTIM,355271,20392,17422.077285209885
POTIRENDABA,1017223,18496,54996.918252595155
POA,4610760,103765,44434.635956247286
PRACINHA,44001,2578,17067.88207913111
PRADOPOLIS,1456796,17078,85302.49443728774
PRAIA GRANDE,11396646,349935,32567.8940374641
PRATANIA,252655,5126,49288.91923527117
PRESIDENTE ALVES,112972,3804,29698.21240799159
PRESIDENTE BERNARDES,351783,14490,24277.639751552793
PRESIDENTE EPITACIO,1521762,39505,38520.74420959372
PRESIDENTE PRUDENTE,11617599,225668,51480.93216583654
PRESIDENTE VENCESLAU,1096298,35201,31143.944774296186
PROMISSAO,3349681,35131,95348.29637641969
QUADRA,209960,3405,61662.261380323056
QUATA,1087543,13163,82621.21097014358
QUEIROZ,1095800,3265,335620.21439509955
QUELUZ,481509,9159,52572.224041925976
QUINTANA,371696,7038,52812.730889457234
RAFARD,594930,8965,66361.40546569995
RANCHARIA,1999657,28588,69947.42549321393
REDENCAO DA SERRA,122059,4494,27160.43613707165
REGENTE FEIJO,1293798,20145,64224.27401340283
REGINOPOLIS,270644,7662,35322.89219524928
REGISTRO,2931915,59947,48908.45246634527
RESTINGA,311797,6404,48687.85134291068
RIBEIRA,61922,3132,19770.753512132822
RIBEIRAO BONITO,494054,10989,44958.95895895896
RIBEIRAO BRANCO,640749,18627,34398.93702689644
RIBEIRAO CORRENTE,282574,4608,61322.48263888889
RIBEIRAO DO SUL,326855,4677,69885.61043403891
RIBEIRAO DOS INDIOS,56509,2025,27905.679012345678
RIBEIRAO GRANDE,127269,7450,17083.087248322146
RIBEIRAO PIRES,4853229,115559,41997.84525653562
RIBEIRAO PRETO,52306820,698642,74869.27496486041
RIFAINA,232911,4049,57523.09212151149
RINCAO,346937,9098,38133.32600571554
RINOPOLIS,495680,9259,53534.93897829139
RIO CLARO,15427117,201418,76592.54386400421
RIO DAS PEDRAS,2037526,31328,65038.49591419816
RIO GRANDE DA SERRA,1166050,44170,26399.13968757075
RIOLANDIA,390635,10309,37892.61810068872
RIVERSUL,119164,5599,21283.086265404538
ROSANA,1542731,17440,88459.34633027524
ROSEIRA,450314,10832,41572.562776957166
RUBINEIA,196382,3833,51234.542134098614
RUBIACEA,88679,2700,32844.07407407407
SABINO,183225,5112,35842.13615023474
SAGRES,72625,2474,29355.295068714633
SALES,266234,6437,41359.95028740096
SALES OLIVEIRA,529464,11411,46399.43913767418
SALESOPOLIS,310985,15202,20456.847783186422
SALMOURAO,114824,4808,23881.863560732112
SALTINHO,471342,8161,57755.422129640974
SALTO,11498959,134319,85609.32556079184
SALTO DE PIRAPORA,2856415,43748,65292.47051293773
SALTO GRANDE,394928,9050,43638.45303867403
SANDOVALINA,455962,3645,125092.45541838135
SANTA ADELIA,560339,14018,39972.820659152516
SANTA ALBERTINA,333897,6393,52228.53120600657
SANTA BRANCA,357556,13975,25585.402504472273
SANTA BARBARA D'OESTE,10803992,183347,58926.47275384926
SANTA CLARA D'OESTE,130553,2598,50251.34719014627
SANTA CRUZ DA CONCEICAO,200490,4277,46876.31517418751
SANTA CRUZ DA ESPERANCA,101459,2116,47948.4877126654
SANTA CRUZ DAS PALMEIRAS,788978,28864,27334.326496674057
SANTA CRUZ DO RIO PARDO,4319822,46442,93015.41707936782
SANTA ERNESTINA,152155,6118,24870.0555737169
SANTA FE DO SUL,1988880,34794,57161.57958268667
SANTA GERTRUDES,3568257,23611,151126.89000889417
SANTA ISABEL,2298061,53174,43217.75679843532
SANTA LUCIA,185362,7149,25928.381591831025
SANTA MARIA DA SERRA,197769,5243,37720.579820713334
SANTA MERCEDES,97262,2956,32903.247631935046
SANTA RITA D'OESTE,105525,2733,38611.416026344676
SANTA RITA DO PASSA QUATRO,992180,24833,39954.09334353481
SANTA ROSA DE VITERBO,1131989,23411,48352.86830976891
SANTA SALETE,66140,1645,40206.686930091186
SANTANA DA PONTE PENSA,56776,1670,33997.60479041916
SANTANA DE PARNAIBA,14328397,154105,92978.14477142208
SANTO ANASTACIO,630473,17963,35098.424539330845
SANTO ANDRE,36931351,748919,49312.87762762061
SANTO ANTONIO DA ALEGRIA,282937,6775,41761.91881918819
SANTO ANTONIO DE POSSE,2146890,23244,92363.19050077439
SANTO ANTONIO DO ARACANGUA,380219,8379,45377.610693400165
SANTO ANTONIO DO JARDIM,253743,6126,41420.66601371205
SANTO ANTONIO DO PINHAL,191747,7133,26881.676713865134
SANTO EXPEDITO,60256,3000,20085.333333333332
SANTOS,30961718,418608,73963.51240301189
SANTOPOLIS DO AGUAPEI,97802,3899,25083.867658373943
SARAPUI,270123,10369,26051.017455878096
SARUTAIA,115635,3704,31218.952483801295
SEBASTIANOPOLIS DO SUL,454542,3130,145221.08626198082
SERRA AZUL,269297,12746,21127.961713478737
SERRA NEGRA,1025007,29894,34288.05111393591
SERRANA,1454535,43909,33126.12448472978
SERTAOZINHO,9075018,126887,71520.47097023336
SETE BARRAS,461849,12730,36280.36135113904
SEVERINIA,340597,14576,23366.9731064764
SILVEIRAS,116266,6186,18795.0210151956
SOCORRO,1449301,40122,36122.35182692787
SOROCABA,58816286,723682,81273.6616359119
SUD MENNUCCI,302801,7355,41169.40856560163
SUMARE,19026093,279545,68060.93115598561
SUZANO,18618698,307429,60562.59494062044
SUZANAPOLIS,511504,3408,150089.20187793428
SAO BENTO DO SAPUCAI,354768,11674,30389.583690251842
SAO BERNARDO DO CAMPO,71965791,810729,88766.76546663558
SAO CAETANO DO SUL,22553448,165655,136147.10090247804
SAO CARLOS,18386920,254857,72146.02698768329
SAO FRANCISCO,59556,2602,22888.547271329746
SAO JOAQUIM DA BARRA,2733786,48558,56299.39453849005
SAO JOSE DA BELA VISTA,336022,7626,44062.6803042224
SAO JOSE DO BARREIRO,80553,3853,20906.566311964703
SAO JOSE DO RIO PARDO,2876973,52205,55109.146633464225
SAO JOSE DO RIO PRETO,26390121,480393,54934.44117628691
SAO JOSE DOS CAMPOS,61394524,697054,88077.14179963102
SAO JOAO DA BOA VISTA,5011181,92547,54147.416988124955
SAO JOAO DAS DUAS PONTES,72713,2580,28183.333333333332
SAO JOAO DE IRACEMA,69614,1846,37710.725893824485
SAO JOAO DO PAU D'ALHO,83376,2242,37188.22479928635
SAO LOURENCO DA SERRA,346115,16067,21541.980456836995
SAO LUIZ DO PARAITINGA,252579,10337,24434.45874044694
SAO MANUEL,1889877,37289,50681.89010163855
SAO MIGUEL ARCANJO,1157726,32039,36134.89809294922
SAO PAULO,1066825105,11451999,93156.23455782697
SAO PEDRO,1243177,38256,32496.262024257634
SAO PEDRO DO TURVO,393936,7217,54584.453373978104
SAO ROQUE,4532567,79484,57024.8980926979
SAO SEBASTIAO,17400619,81595,213255.9470555794
SAO SEBASTIAO DA GRAMA,481876,10441,46152.28426395939
SAO SIMAO,648092,13442,48213.956256509446
SAO VICENTE,7414656,329911,22474.715908229795
TABAPUA,397691,11323,35122.40572286496
TABATINGA,512361,14769,34691.65143205362
TABOAO DA SERRA,12084179,273542,44176.685847145956
TACIBA,242091,6260,38672.68370607029
TAGUAI,409335,12669,32309.969216197016
TAIACU,155640,5677,27415.888673595207
TAIUVA,188353,6548,28764.966401954796
TAMBAU,966714,21435,45099.790062981105
TANABI,1592467,25265,63030.55610528399
TAPIRATIBA,358653,11816,30353.16519972918
TAPIRAI,223954,7996,28008.25412706353
TAQUARAL,92383,2619,35274.15043909889
TAQUARITINGA,2307145,52260,44147.4358974359
TAQUARITUBA,1279103,24350,52529.897330595486
TAQUARIVAI,433014,6876,62974.694589877836
TARABAI,187171,6536,28636.933904528763
TARUMA,1153083,14882,77481.72288670877
TATUI,6784535,123942,54739.595940036466
TAUBATE,22607800,310739,72754.94868684009
TEJUPA,341127,4127,82657.37824085292
TEODORO SAMPAIO,822760,22173,37106.39065530149
TERRA ROXA,237426,7904,30038.714574898786
TIETE,2954948,37663,78457.58436661976
TIMBURI,80268,2464,32576.2987012987
TORRE DE PEDRA,44087,2046,21547.89833822092
TORRINHA,380075,9335,40715.05088377075
TRABIJU,66641,1682,39620.09512485137
TREMEMBE,1091771,51173,21334.903171594397
TRES FRONTEIRAS,155505,6804,22854.938271604937
TUIUTI,239682,6778,35361.75863086456
TUPI PAULISTA,446938,15854,28190.866658256593
TUPA,3128302,63928,48934.770366662495
TURIUBA,88091,1818,48454.89548954895
TURMALINA,100226,1669,60051.52786099461
UBARANA,298746,5365,55684.24976700839
UBATUBA,3506919,92981,37716.5119755649
UBIRAJARA,201026,5132,39171.08339828527
UCHOA,521824,10394,50204.34866269001
UNIAO PAULISTA,72244,1603,45067.99750467873
URU,66750,1387,48125.450612833454
URUPES,647135,13744,47084.90977881257
URANIA,366620,8833,41505.717196875354
VALENTIM GENTIL,565653,14098,40122.92523762236
VALINHOS,10200701,126373,80718.99060717084
VALPARAISO,1426927,24241,58864.19702157502
VARGEM,222012,10512,21119.86301369863
VARGEM GRANDE DO SUL,1431642,40133,35672.43913985997
VARGEM GRANDE PAULISTA,3524293,50415,69905.64316175741
VERA CRUZ,302805,10176,29756.780660377357
VINHEDO,14699664,76540,192052.05121505095
VIRADOURO,563836,17414,32378.31629723211
VISTA ALEGRE DO ALTO,705941,8109,87056.48045381675
VITORIA BRASIL,64481,1794,35942.586399108135
VOTORANTIM,5209654,127923,40724.920459964196
VOTUPORANGA,4582203,96634,47418.12405571538
VARZEA PAULISTA,4736062,115771,40908.88046229194
ZACARIAS,177562,2692,65959.1381872214
AGUAS DA PRATA,272359,7369,36960.1031347537
AGUAS DE LINDOIA,801115,17930,44680.145008365864
AGUAS DE SANTA BARBARA,375562,7177,52328.549533231155
AGUAS DE SAO PEDRO,185390,2780,66687.05035971223
ALVARES FLORENCE,175598,3915,44852.61813537675
ALVARES MACHADO,859771,27255,31545.441203448907
ALVARO DE CARVALHO,69377,4808,14429.4925124792
OLEO,143212,2512,57011.14649681529
